{"mean":{"confidence_interval":{"confidence_level":0.95,"lower_bound":1207212.5626599472,"upper_bound":1208879.771240502},"point_estimate":1208075.224858298,"standard_error":426.05605337613304},"median":{"confidence_interval":{"confidence_level":0.95,"lower_bound":1209632.219195275,"upper_bound":1210296.925},"point_estimate":1210025.8314338233,"standard_error":156.46752944740192},"median_abs_dev":{"confidence_interval":{"confidence_level":0.95,"lower_bound":892.6911671862566,"upper_bound":1828.8165716944682},"point_estimate":1248.247958918786,"standard_error":226.03319947565276},"slope":{"confidence_interval":{"confidence_level":0.95,"lower_bound":1209792.4328859604,"upper_bound":1210353.286578191},"point_estimate":1210083.0700741836,"standard_error":143.28346157324822},"std_dev":{"confidence_interval":{"confidence_level":0.95,"lower_bound":3568.6649287310674,"upper_bound":4795.318367539983},"point_estimate":4274.28619540261,"standard_error":313.7486106964143}}