{"mean":{"confidence_interval":{"confidence_level":0.95,"lower_bound":252025.56969722803,"upper_bound":252105.93359626402},"point_estimate":252065.07421245615,"standard_error":20.53285455491898},"median":{"confidence_interval":{"confidence_level":0.95,"lower_bound":251989.8111918036,"upper_bound":252075.66431306308},"point_estimate":252027.65178096757,"standard_error":20.211258341044086},"median_abs_dev":{"confidence_interval":{"confidence_level":0.95,"lower_bound":164.16960653066224,"upper_bound":268.2652035062524},"point_estimate":212.50236207905124,"standard_error":26.868656909389923},"slope":{"confidence_interval":{"confidence_level":0.95,"lower_bound":252110.97856681276,"upper_bound":252203.20061941879},"point_estimate":252158.42856177036,"standard_error":23.458856951067833},"std_dev":{"confidence_interval":{"confidence_level":0.95,"lower_bound":176.16146551499622,"upper_bound":234.83521326496836},"point_estimate":206.14076157688092,"standard_error":14.975671604221972}}